{"cameraMode":{"drawMode":0,"name":"Shaded","section":"Shading Mode"},"sceneLighting":false,"audioPlay":false,"sceneViewState":{"showFog":true,"showMaterialUpdate":false,"showSkybox":true,"showFlares":true,"showImageEffects":true,"showParticleSystems":true},"in2DMode":false,"pivot":{"x":0.0,"y":1.0999997854232789,"z":0.08000004291534424},"rotation":{"x":0.1055690199136734,"y":0.8415391445159912,"z":-0.17805083096027375,"w":0.49896377325057986},"size":10.171286582946778,"orthographic":false}