{"cameraMode":{"drawMode":0,"name":"Shaded","section":"Shading Mode"},"sceneLighting":false,"audioPlay":false,"sceneViewState":{"showFog":true,"showMaterialUpdate":false,"showSkybox":true,"showFlares":true,"showImageEffects":true,"showParticleSystems":true},"in2DMode":false,"pivot":{"x":1.0694146156311036,"y":5.972743034362793,"z":-1.5041027069091797},"rotation":{"x":0.09892366826534271,"y":0.06711389869451523,"z":-0.00668693520128727,"w":0.9928067326545715},"size":58.571407318115237,"orthographic":false}