{"cameraMode":{"drawMode":0,"name":"Shaded","section":"Shading Mode"},"sceneLighting":false,"audioPlay":false,"sceneViewState":{"showFog":true,"showMaterialUpdate":false,"showSkybox":true,"showFlares":true,"showImageEffects":true,"showParticleSystems":true},"in2DMode":false,"pivot":{"x":-1.4052438735961915,"y":13.061205863952637,"z":-1.1067161560058594},"rotation":{"x":0.19046953320503236,"y":-0.7536175847053528,"z":0.24833045899868012,"w":0.5780259370803833},"size":43.227455139160159,"orthographic":false}